相位,柜号,柜名,位置,传感器编号,后台编号,
A相,AH1,1#/段进线隔离,出线电缆,472301,1,
B相,AH1,1#/段进线隔离,出线电缆,472302,2,
C相,AH1,1#/段进线隔离,出线电缆,472303,3,
A相,AH4,至1#/变压器,出线电缆,472304,4,
B相,AH4,至1#/变压器,出线电缆,472305,5,
C相,AH4,至1#/变压器,出线电缆,472306,6,
A相,AH5,母联,出线电缆,472307,7,没装
B相,AH5,母联,出线电缆,472308,8,没装
C相,AH5,母联,出线电缆,472309,9,没装
A相,AH7,至2#/变压器,出线电缆,472310,10,
B相,AH7,至2#/变压器,出线电缆,472311,11,
C相,AH7,至2#/变压器,出线电缆,472312,12,
A相,AH10,配电室2#/段进线隔离,出线电缆,472313,13,
B相,AH10,配电室2#/段进线隔离,出线电缆,472314,14,
C相,AH10,配电室2#/段进线隔离,出线电缆,472315,15,
A相,AA1,进线,进线母排,472316,16,
B相,AA1,进线,进线母排,472317,17,
C相,AA1,进线,进线母排,472318,18,
A相,AA1,进线,出线母排,472319,19,
B相,AA1,进线,出线母排,472320,20,
C相,AA1,进线,出线母排,472321,21,
A相,AA3,进线,进线母排,472322,22,
B相,AA3,进线,进线母排,472323,23,
C相,AA3,进线,进线母排,472324,24,
A相,AA3,进线,出线母排,472325,25,
B相,AA3,进线,出线母排,472326,26,
C相,AA3,进线,出线母排,472327,27,
A相,AA4,出线,出线电缆1,472328,28,
B相,AA4,出线,出线电缆1,472329,29,
C相,AA4,出线,出线电缆1,472330,30,
A相,AA4,出线,出线电缆2,472331,31,
B相,AA4,出线,出线电缆2,472332,32,
C相,AA4,出线,出线电缆2,472333,33,
A相,AA4,出线,出线电缆3,472334,34,
B相,AA4,出线,出线电缆3,472335,35,
C相,AA4,出线,出线电缆3,472336,36,
A相,AA5,出线,出线电缆1,472337,37,
B相,AA5,出线,出线电缆1,472338,38,
C相,AA5,出线,出线电缆1,472339,39,
A相,AA5,出线,出线电缆2,472340,40,
B相,AA5,出线,出线电缆2,472341,41,
C相,AA5,出线,出线电缆2,472342,42,
A相,AA5,出线,出线电缆3,472343,43,
B相,AA5,出线,出线电缆3,472344,44,
C相,AA5,出线,出线电缆3,472345,45,
A相,AA6,出线,出线电缆1,472349,46,没装
B相,AA6,出线,出线电缆1,472350,47,没装
C相,AA6,出线,出线电缆1,472351,48,没装
A相,AA6,出线,出线电缆2,472346,49,
B相,AA6,出线,出线电缆2,472347,50,
C相,AA6,出线,出线电缆2,472348,51,
A相,AA6,出线,出线电缆3,472352,52,
B相,AA6,出线,出线电缆3,472353,53,
C相,AA6,出线,出线电缆3,472354,54,
A相,AA6,出线,出线电缆6,472355,55,没装
B相,AA6,出线,出线电缆6,472359,56,没装
C相,AA6,出线,出线电缆6,472360,57,没装
A相,TD1,变压器,进线母排,472361,58,
B相,TD1,变压器,进线母排,472362,59,
C相,TD1,变压器,进线母排,472363,60,
A相,TD1,变压器,出线电缆,472364,61,
B相,TD1,变压器,出线电缆,472365,62,
C相,TD1,变压器,出线电缆,472366,63,
A相,TD1,变压器,母线桥,472367,64,
B相,TD1,变压器,母线桥,472368,65,
C相,TD1,变压器,母线桥,472369,66,
A相,AA7,进线,进线母排,472370,67,
B相,AA7,进线,进线母排,472371,68,
C相,AA7,进线,进线母排,472372,69,
A相,AA7,进线,出线母排,472373,70,
B相,AA7,进线,出线母排,472374,71,
C相,AA7,进线,出线母排,472375,72,
A相,AA8,出线,出线电缆1,472376,73,
B相,AA8,出线,出线电缆1,472377,74,
C相,AA8,出线,出线电缆1,472378,75,
A相,AA8,出线,出线电缆2,472379,76,
B相,AA8,出线,出线电缆2,472380,77,
C相,AA8,出线,出线电缆2,472381,78,
A相,AA8,出线,出线电缆3,472382,79,
B相,AA8,出线,出线电缆3,472383,80,
C相,AA8,出线,出线电缆3,472384,81,
A相,AA9,出线,出线电缆1,472385,82,
B相,AA9,出线,出线电缆1,472386,83,
C相,AA9,出线,出线电缆1,472387,84,
A相,AA9,出线,出线电缆2,472388,85,
B相,AA9,出线,出线电缆2,472389,86,
C相,AA9,出线,出线电缆2,472390,87,
A相,AA9,出线,出线电缆3,472391,88,没装
B相,AA9,出线,出线电缆3,472392,89,没装
C相,AA9,出线,出线电缆3,472393,90,没装
A相,AA9,出线,出线电缆4,472394,91,
B相,AA9,出线,出线电缆4,472395,92,
C相,AA9,出线,出线电缆4,472396,93,
A相,AA10,出线,出线电缆1,472397,94,
B相,AA10,出线,出线电缆1,472398,95,
C相,AA10,出线,出线电缆1,472399,96,
A相,AA10,出线,出线电缆2,472400,97,
B相,AA10,出线,出线电缆2,472657,98,
C相,AA10,出线,出线电缆2,472658,99,
A相,AA10,出线,出线电缆3,472659,100,
B相,AA10,出线,出线电缆3,472660,101,
C相,AA10,出线,出线电缆3,472661,102,
A相,AA12,进线,进线母排,472662,103,
B相,AA12,进线,进线母排,472663,104,
C相,AA12,进线,进线母排,472664,105,
A相,AA12,进线,出线母排,472665,106,
B相,AA12,进线,出线母排,472666,107,
C相,AA12,进线,出线母排,472667,108,
A相,TD2,变压器,进线母排,472668,109,
B相,TD2,变压器,进线母排,472669,110,
C相,TD2,变压器,进线母排,472670,111,
A相,TD2,变压器,出线电缆,472671,112,
B相,TD2,变压器,出线电缆,472672,113,
C相,TD2,变压器,出线电缆,472673,114,
A相,TD2,变压器,母线桥,472674,115,
B相,TD2,变压器,母线桥,472675,116,
C相,TD2,变压器,母线桥,472676,117,
